{"filter":false,"title":"cloudformation-template-update-stack.json","tooltip":"/.serverless/cloudformation-template-update-stack.json","undoManager":{"mark":-1,"position":-1,"stack":[]},"ace":{"folds":[],"scrolltop":6073,"scrollleft":0,"selection":{"start":{"row":0,"column":0},"end":{"row":0,"column":0},"isBackwards":false},"options":{"guessTabSize":true,"useWrapMode":false,"wrapToView":true},"firstLineState":{"row":2,"state":"start","mode":"ace/mode/json"}},"timestamp":1550433385826,"hash":"1d52c02d3afb8f60869c5c975ccedc2c86e1b651"}